{
	"info": {
		"_postman_id": "6b342758-08bc-4b82-aab6-14b4fadd93a8",
		"name": "did",
		"schema": "https://schema.getpostman.com/json/collection/v2.1.0/collection.json"
	},
	"item": [
		{
			"name": "tool",
			"item": [
				{
					"name": "通过私钥获取公钥",
					"request": {
						"method": "POST",
						"header": [],
						"body": {
							"mode": "raw",
							"raw": "{\n    \"privateKey\": \"25729160036341611781029779976644155075210305278321334557532988302516558971222\",\n    \"isGM\": true\n}",
							"options": {
								"raw": {
									"language": "json"
								}
							}
						},
						"url": {
							"raw": "http://127.0.0.1:8080/tools/getPublicKey",
							"protocol": "http",
							"host": [
								"127",
								"0",
								"0",
								"1"
							],
							"port": "8080",
							"path": [
								"tools",
								"getPublicKey"
							]
						}
					},
					"response": []
				},
				{
					"name": "生成公私钥",
					"request": {
						"method": "POST",
						"header": [],
						"body": {
							"mode": "raw",
							"raw": "{\n    \"isGM\": true\n}",
							"options": {
								"raw": {
									"language": "json"
								}
							}
						},
						"url": {
							"raw": "http://127.0.0.1:8080/tools/genKeys",
							"protocol": "http",
							"host": [
								"127",
								"0",
								"0",
								"1"
							],
							"port": "8080",
							"path": [
								"tools",
								"genKeys"
							]
						}
					},
					"response": []
				}
			]
		},
		{
			"name": "did",
			"item": [
				{
					"name": "创建DID",
					"protocolProfileBehavior": {
						"disableBodyPruning": true,
						"disabledSystemHeaders": {
							"accept-encoding": true,
							"connection": true
						}
					},
					"request": {
						"auth": {
							"type": "noauth"
						},
						"method": "GET",
						"header": [],
						"body": {
							"mode": "raw",
							"raw": "",
							"options": {
								"raw": {
									"language": "json"
								}
							}
						},
						"url": {
							"raw": "http://127.0.0.1:8080/did/create",
							"protocol": "http",
							"host": [
								"127",
								"0",
								"0",
								"1"
							],
							"port": "8080",
							"path": [
								"did",
								"create"
							]
						}
					},
					"response": []
				},
				{
					"name": "通过私钥创建DID",
					"protocolProfileBehavior": {
						"disabledSystemHeaders": {
							"accept-encoding": true,
							"connection": true
						}
					},
					"request": {
						"auth": {
							"type": "noauth"
						},
						"method": "POST",
						"header": [],
						"body": {
							"mode": "raw",
							"raw": "{\n    \"privateKey\": \"74424338509088459891563212456202653908074061240993196852518421103373896733685\"\n}",
							"options": {
								"raw": {
									"language": "json"
								}
							}
						},
						"url": {
							"raw": "http://127.0.0.1:8080/did/createByPrikey",
							"protocol": "http",
							"host": [
								"127",
								"0",
								"0",
								"1"
							],
							"port": "8080",
							"path": [
								"did",
								"createByPrikey"
							]
						}
					},
					"response": []
				},
				{
					"name": "通过公私钥创建DID",
					"protocolProfileBehavior": {
						"disabledSystemHeaders": {
							"accept-encoding": true,
							"connection": true
						}
					},
					"request": {
						"auth": {
							"type": "noauth"
						},
						"method": "POST",
						"header": [],
						"body": {
							"mode": "raw",
							"raw": "{\n\n    \"publicKey\":\"11580904874194227900349331200089948544248621052357148456986720905778556224520067071305107817522283479855969020738509321098885279362383448557983960887719933\",\n    \"privateKey\":\"51358886268615352126089345428407381179096889740830209429348194471852159384070\"\n}",
							"options": {
								"raw": {
									"language": "json"
								}
							}
						},
						"url": {
							"raw": "http://127.0.0.1:8080/did/createByKeys",
							"protocol": "http",
							"host": [
								"127",
								"0",
								"0",
								"1"
							],
							"port": "8080",
							"path": [
								"did",
								"createByKeys"
							]
						}
					},
					"response": []
				},
				{
					"name": "通过代理创建DID",
					"protocolProfileBehavior": {
						"disabledSystemHeaders": {
							"accept-encoding": true,
							"connection": true
						}
					},
					"request": {
						"auth": {
							"type": "noauth"
						},
						"method": "POST",
						"header": [],
						"body": {
							"mode": "raw",
							"raw": "{\n    \"publicKey\":\"5647594005327754423796364707133200116800394114896479083699272193102184894625969754023232224432516984808647737389785491532784250256223894693069511427608838\",\n    \"delegateDid\":\"did:weid:1:0xadd89e042d63de185ec15779bdaba133e0991597\",\n    \"delegatePublicKey\":\"13132475367568855383217521493182519349435860847228599960882518264252659781580948982788373466876832697939515131459710774978592340430347688203714789516317830\",\n    \"delegatePrivateKey\":\"82316508819404060810173428003192719789624735518201412799947160452738304330968\"\n}\n\n",
							"options": {
								"raw": {
									"language": "json"
								}
							}
						},
						"url": {
							"raw": "http://127.0.0.1:8080/did/delegateCreateDId",
							"protocol": "http",
							"host": [
								"127",
								"0",
								"0",
								"1"
							],
							"port": "8080",
							"path": [
								"did",
								"delegateCreateDId"
							]
						}
					},
					"response": []
				},
				{
					"name": "查询DID",
					"protocolProfileBehavior": {
						"disabledSystemHeaders": {
							"accept-encoding": true,
							"connection": true
						}
					},
					"request": {
						"auth": {
							"type": "noauth"
						},
						"method": "POST",
						"header": [],
						"body": {
							"mode": "raw",
							"raw": "{\n    \"did\":\"did:weid:1:0xeb703396b0ee912332ac8819feba7c17fa6caaed\"\n}",
							"options": {
								"raw": {
									"language": "json"
								}
							}
						},
						"url": {
							"raw": "http://127.0.0.1:8080/did/queryDid",
							"protocol": "http",
							"host": [
								"127",
								"0",
								"0",
								"1"
							],
							"port": "8080",
							"path": [
								"did",
								"queryDid"
							]
						}
					},
					"response": []
				},
				{
					"name": "添加公钥",
					"protocolProfileBehavior": {
						"disabledSystemHeaders": {
							"accept-encoding": true,
							"connection": true
						}
					},
					"request": {
						"auth": {
							"type": "noauth"
						},
						"method": "POST",
						"header": [],
						"body": {
							"mode": "raw",
							"raw": "{\n    \"addPublicKey\":\"9552187224708197329543106921909253527131020859074600294030855067163438205972155885751756346498224768731143109712848852400596361807398367097185746868848011\",\n    \"did\":\"did:weid:1:0xeb703396b0ee912332ac8819feba7c17fa6caaed\",\n    \"privateKey\":\"110678075897666037796752638268015812698270905905456888023090789107965270510903\"\n}",
							"options": {
								"raw": {
									"language": "json"
								}
							}
						},
						"url": {
							"raw": "http://127.0.0.1:8080/did/addPublicKey",
							"protocol": "http",
							"host": [
								"127",
								"0",
								"0",
								"1"
							],
							"port": "8080",
							"path": [
								"did",
								"addPublicKey"
							]
						}
					},
					"response": []
				},
				{
					"name": "添加服务端点",
					"protocolProfileBehavior": {
						"disabledSystemHeaders": {
							"accept-encoding": true,
							"connection": true
						}
					},
					"request": {
						"auth": {
							"type": "noauth"
						},
						"method": "POST",
						"header": [],
						"body": {
							"mode": "raw",
							"raw": "{\n    \"did\":\"did:weid:1:0xeb703396b0ee912332ac8819feba7c17fa6caaed\",\n    \"privateKey\":\"110678075897666037796752638268015812698270905905456888023090789107965270510903\",\n    \"serviceEndpoint\":\"https://xatu.com/endpoint/test9291437\",\n    \"serviceType\":\"test9291438\"\n}",
							"options": {
								"raw": {
									"language": "json"
								}
							}
						},
						"url": {
							"raw": "http://127.0.0.1:8080/did/setService",
							"protocol": "http",
							"host": [
								"127",
								"0",
								"0",
								"1"
							],
							"port": "8080",
							"path": [
								"did",
								"setService"
							]
						}
					},
					"response": []
				},
				{
					"name": "添加认证方",
					"protocolProfileBehavior": {
						"disabledSystemHeaders": {
							"accept-encoding": true,
							"connection": true
						}
					},
					"request": {
						"auth": {
							"type": "noauth"
						},
						"method": "POST",
						"header": [],
						"body": {
							"mode": "raw",
							"raw": "{\n    \"did\":\"did:weid:1:0xeb703396b0ee912332ac8819feba7c17fa6caaed\",\n    \"publicKey\":\"8664138497019768698711586995139747905554982329017238355138518655387509482170157290895261572692639431787455169088236323285784303517311271217477234059892639\",\n    \"privateKey\":\"110678075897666037796752638268015812698270905905456888023090789107965270510903\"\n}",
							"options": {
								"raw": {
									"language": "json"
								}
							}
						},
						"url": {
							"raw": "http://127.0.0.1:8080/did/setAuthentication",
							"protocol": "http",
							"host": [
								"127",
								"0",
								"0",
								"1"
							],
							"port": "8080",
							"path": [
								"did",
								"setAuthentication"
							]
						}
					},
					"response": []
				},
				{
					"name": "验证DID",
					"protocolProfileBehavior": {
						"disabledSystemHeaders": {
							"accept-encoding": true,
							"connection": true
						}
					},
					"request": {
						"auth": {
							"type": "noauth"
						},
						"method": "POST",
						"header": [],
						"body": {
							"mode": "raw",
							"raw": "{\n    \"did\":\"did:weid:1:0xeb703396b0ee912332ac8819feba7c17fa6caaed\"\n}",
							"options": {
								"raw": {
									"language": "json"
								}
							}
						},
						"url": {
							"raw": "http://127.0.0.1:8080/did/isDIDExist",
							"protocol": "http",
							"host": [
								"127",
								"0",
								"0",
								"1"
							],
							"port": "8080",
							"path": [
								"did",
								"isDIDExist"
							]
						}
					},
					"response": []
				}
			]
		},
		{
			"name": "authorityIssuer",
			"item": [
				{
					"name": "注册",
					"protocolProfileBehavior": {
						"disabledSystemHeaders": {
							"accept-encoding": true,
							"connection": true
						}
					},
					"request": {
						"auth": {
							"type": "noauth"
						},
						"method": "POST",
						"header": [],
						"body": {
							"mode": "raw",
							"raw": "{\n    \"did\":\"did:weid:1:0x8fae6038ba3946977973877c4f6a01cf6861bfb6\",\n    \"authorityName\":\"test9291954\"\n}",
							"options": {
								"raw": {
									"language": "json"
								}
							}
						},
						"url": {
							"raw": "http://127.0.0.1:8080/authorityAgency/register",
							"protocol": "http",
							"host": [
								"127",
								"0",
								"0",
								"1"
							],
							"port": "8080",
							"path": [
								"authorityAgency",
								"register"
							]
						}
					},
					"response": []
				},
				{
					"name": "提名",
					"protocolProfileBehavior": {
						"disabledSystemHeaders": {
							"accept-encoding": true,
							"connection": true
						}
					},
					"request": {
						"auth": {
							"type": "noauth"
						},
						"method": "POST",
						"header": [],
						"body": {
							"mode": "raw",
							"raw": "{\n    \"did\":\"did:weid:1:0x8fae6038ba3946977973877c4f6a01cf6861bfb6\"\n}",
							"options": {
								"raw": {
									"language": "json"
								}
							}
						},
						"url": {
							"raw": "http://127.0.0.1:8080/authorityAgency/recognize",
							"protocol": "http",
							"host": [
								"127",
								"0",
								"0",
								"1"
							],
							"port": "8080",
							"path": [
								"authorityAgency",
								"recognize"
							]
						}
					},
					"response": []
				},
				{
					"name": "撤销提名",
					"protocolProfileBehavior": {
						"disabledSystemHeaders": {
							"accept-encoding": true,
							"connection": true
						}
					},
					"request": {
						"auth": {
							"type": "noauth"
						},
						"method": "POST",
						"header": [],
						"body": {
							"mode": "raw",
							"raw": "{\n    \"did\":\"did:weid:1:0xeb703396b0ee912332ac8819feba7c17fa6caaed\"\n}",
							"options": {
								"raw": {
									"language": "json"
								}
							}
						},
						"url": {
							"raw": "http://127.0.0.1:8080/authorityAgency/derecognize",
							"protocol": "http",
							"host": [
								"127",
								"0",
								"0",
								"1"
							],
							"port": "8080",
							"path": [
								"authorityAgency",
								"derecognize"
							]
						}
					},
					"response": []
				},
				{
					"name": "查询",
					"protocolProfileBehavior": {
						"disabledSystemHeaders": {
							"accept-encoding": true,
							"connection": true
						}
					},
					"request": {
						"auth": {
							"type": "noauth"
						},
						"method": "POST",
						"header": [],
						"body": {
							"mode": "raw",
							"raw": "{\n    \"did\":\"did:weid:1:0xeb703396b0ee912332ac8819feba7c17fa6caaed\"\n}",
							"options": {
								"raw": {
									"language": "json"
								}
							}
						},
						"url": {
							"raw": "http://127.0.0.1:8080/authorityAgency/query",
							"protocol": "http",
							"host": [
								"127",
								"0",
								"0",
								"1"
							],
							"port": "8080",
							"path": [
								"authorityAgency",
								"query"
							]
						}
					},
					"response": []
				},
				{
					"name": "判断",
					"protocolProfileBehavior": {
						"disabledSystemHeaders": {
							"accept-encoding": true,
							"connection": true
						}
					},
					"request": {
						"auth": {
							"type": "noauth"
						},
						"method": "POST",
						"header": [],
						"body": {
							"mode": "raw",
							"raw": "{\n    \"did\":\"did:weid:1:0xeb703396b0ee912332ac8819feba7c17fa6caaed\"\n}",
							"options": {
								"raw": {
									"language": "json"
								}
							}
						},
						"url": {
							"raw": "http://127.0.0.1:8080/authorityAgency/is",
							"protocol": "http",
							"host": [
								"127",
								"0",
								"0",
								"1"
							],
							"port": "8080",
							"path": [
								"authorityAgency",
								"is"
							]
						}
					},
					"response": []
				}
			]
		},
		{
			"name": "cpt",
			"item": [
				{
					"name": "注册",
					"protocolProfileBehavior": {
						"disabledSystemHeaders": {
							"accept-encoding": true,
							"connection": true
						}
					},
					"request": {
						"auth": {
							"type": "noauth"
						},
						"method": "POST",
						"header": [],
						"body": {
							"mode": "raw",
							"raw": "{\n    \"cptId\":1021,\n    \"publisher\":\"did:weid:1:0xeb703396b0ee912332ac8819feba7c17fa6caaed\",\n    \"privateKey\":\"110678075897666037796752638268015812698270905905456888023090789107965270510903\",\n    \"title\":\"test9291442\",\n    \"description\":\"test9291443\",\n    \"claim\":{\n        \"age\":12,\n        \"name\":\"zhangsan\"\n    }\n}",
							"options": {
								"raw": {
									"language": "json"
								}
							}
						},
						"url": {
							"raw": "http://127.0.0.1:8080/cpt/register",
							"protocol": "http",
							"host": [
								"127",
								"0",
								"0",
								"1"
							],
							"port": "8080",
							"path": [
								"cpt",
								"register"
							]
						}
					},
					"response": []
				},
				{
					"name": "查询",
					"protocolProfileBehavior": {
						"disabledSystemHeaders": {
							"accept-encoding": true,
							"connection": true
						}
					},
					"request": {
						"auth": {
							"type": "noauth"
						},
						"method": "POST",
						"header": [],
						"body": {
							"mode": "raw",
							"raw": "{\n    \"cptId\":1011\n}",
							"options": {
								"raw": {
									"language": "json"
								}
							}
						},
						"url": {
							"raw": "http://127.0.0.1:8080/cpt/query",
							"protocol": "http",
							"host": [
								"127",
								"0",
								"0",
								"1"
							],
							"port": "8080",
							"path": [
								"cpt",
								"query"
							]
						}
					},
					"response": []
				}
			]
		},
		{
			"name": "credential",
			"item": [
				{
					"name": "注册Pojo",
					"protocolProfileBehavior": {
						"disabledSystemHeaders": {
							"accept-encoding": true,
							"connection": true
						}
					},
					"request": {
						"auth": {
							"type": "noauth"
						},
						"method": "POST",
						"header": [],
						"body": {
							"mode": "raw",
							"raw": "{\n    \"cptId\":1021,\n    \"issuer\":\"did:weid:1:0xeb703396b0ee912332ac8819feba7c17fa6caaed\",\n    \"privateKey\":\"110678075897666037796752638268015812698270905905456888023090789107965270510903\",\n    \"publicKeyId\":\"did:weid:1:0xeb703396b0ee912332ac8819feba7c17fa6caaed#keys-0\",\n    \"expireDate\":9630919090472,\n    \"claimData\":{\n        \"age\":12,\n        \"name\":\"zhangsan\"\n    }\n}",
							"options": {
								"raw": {
									"language": "json"
								}
							}
						},
						"url": {
							"raw": "http://127.0.0.1:8080/credential/createCredentialPojo",
							"protocol": "http",
							"host": [
								"127",
								"0",
								"0",
								"1"
							],
							"port": "8080",
							"path": [
								"credential",
								"createCredentialPojo"
							]
						}
					},
					"response": []
				},
				{
					"name": "选择性披露",
					"protocolProfileBehavior": {
						"disabledSystemHeaders": {
							"accept-encoding": true,
							"connection": true
						}
					},
					"request": {
						"auth": {
							"type": "noauth"
						},
						"method": "POST",
						"header": [],
						"body": {
							"mode": "raw",
							"raw": "{\n    \"credential\":\n    {\n        \"credential\": {\n            \"context\": \"https://github.com/WeBankFinTech/WeIdentity/blob/master/context/v1\",\n            \"id\": \"9ce2cf54-0e7e-4511-98fc-bb7d66bcb0c4\",\n            \"cptId\": 1015,\n            \"issuer\": \"did:weid:1:0x83fa02c0c069c3d740a99379878a426a8828a59e\",\n            \"issuanceDate\": 1632826265,\n            \"expirationDate\": 9630919090,\n            \"claim\": {\n                \"name\": \"zhangsan\",\n                \"age\": 12\n            },\n            \"proof\": {\n                \"creator\": \"did:weid:1:0x83fa02c0c069c3d740a99379878a426a8828a59e#keys-0\",\n                \"salt\": {\n                    \"name\": \"IxA2Y\",\n                    \"age\": \"gDnHJ\"\n                },\n                \"created\": 1632826265,\n                \"type\": \"Secp256k1\",\n                \"signatureValue\": \"+ghwvWkPIVtXoJONCaGY+KLJNIoU6tKlL3acGTssD2zzZkG7pmMcaG5b1/AC49erI2RIYHn8UKxI/hkhcH21nQA=\"\n            },\n            \"signature\": \"+ghwvWkPIVtXoJONCaGY+KLJNIoU6tKlL3acGTssD2zzZkG7pmMcaG5b1/AC49erI2RIYHn8UKxI/hkhcH21nQA=\",\n            \"hash\": \"0x5488d8679e26cf1a20c9d5cbf1da30d01155527e6891af97e711e3dec6d87fde\",\n            \"proofType\": \"Secp256k1\",\n            \"signatureThumbprint\": \"{\\\"claim\\\":{\\\"age\\\":\\\"0x2769541d431971feb507077baaf77423fe7e3c318d23798b16628d3cb39b291e\\\",\\\"name\\\":\\\"0x06ce409feb6ef5f1324881a09f724975bb75e9c79fcf134bc5ec00523f1f43c1\\\"},\\\"context\\\":\\\"https://github.com/WeBankFinTech/WeIdentity/blob/master/context/v1\\\",\\\"cptId\\\":1015,\\\"expirationDate\\\":9630919090,\\\"id\\\":\\\"9ce2cf54-0e7e-4511-98fc-bb7d66bcb0c4\\\",\\\"issuanceDate\\\":1632826265,\\\"issuer\\\":\\\"did:weid:1:0x83fa02c0c069c3d740a99379878a426a8828a59e\\\",\\\"type\\\":[\\\"VerifiableCredential\\\",\\\"original\\\"]}\"\n        },\n        \"disclosure\": {\n            \"name\": 1,\n            \"age\": 1\n        }\n    },\n    \"fieldsToBeDisclosed\":{\n        \"age\": 1,\n        \"name\": 1\n    }\n}",
							"options": {
								"raw": {
									"language": "json"
								}
							}
						},
						"url": {
							"raw": "http://127.0.0.1:8080/credential/createSelectiveCredential",
							"protocol": "http",
							"host": [
								"127",
								"0",
								"0",
								"1"
							],
							"port": "8080",
							"path": [
								"credential",
								"createSelectiveCredential"
							]
						}
					},
					"response": []
				},
				{
					"name": "查询凭证",
					"protocolProfileBehavior": {
						"disabledSystemHeaders": {
							"accept-encoding": true,
							"connection": true
						}
					},
					"request": {
						"auth": {
							"type": "noauth"
						},
						"method": "POST",
						"header": [],
						"body": {
							"mode": "raw",
							"raw": "{\n    \"credentialId\":\"4c6be9ce-9436-4d7a-bd6d-ee5e64e7cab3\"\n}",
							"options": {
								"raw": {
									"language": "json"
								}
							}
						},
						"url": {
							"raw": "http://127.0.0.1:8080/credential/queryCredential",
							"protocol": "http",
							"host": [
								"127",
								"0",
								"0",
								"1"
							],
							"port": "8080",
							"path": [
								"credential",
								"queryCredential"
							]
						}
					},
					"response": []
				},
				{
					"name": "查询claim",
					"protocolProfileBehavior": {
						"disabledSystemHeaders": {
							"accept-encoding": true,
							"connection": true
						}
					},
					"request": {
						"auth": {
							"type": "noauth"
						},
						"method": "POST",
						"header": [],
						"body": {
							"mode": "raw",
							"raw": "{\n    \"cptId\":\"1021\"\n}",
							"options": {
								"raw": {
									"language": "json"
								}
							}
						},
						"url": {
							"raw": "http://127.0.0.1:8080/credential/queryClaim",
							"protocol": "http",
							"host": [
								"127",
								"0",
								"0",
								"1"
							],
							"port": "8080",
							"path": [
								"credential",
								"queryClaim"
							]
						}
					},
					"response": []
				},
				{
					"name": "验证凭证",
					"protocolProfileBehavior": {
						"disabledSystemHeaders": {
							"accept-encoding": true,
							"connection": true
						}
					},
					"request": {
						"auth": {
							"type": "noauth"
						},
						"method": "POST",
						"header": [],
						"body": {
							"mode": "raw",
							"raw": "{\n    \"credentialId\":\"8742f971-b2dd-4c4f-b68e-b6a0308aca68\",\n    \"issuerDid\":\"did:weid:1:0x3eb3e1ccbb1cfb962792d1686c596ff159851cae\",\n    \"publicKey\":\"1597045613135190350361496592632788424941519650228943294779173217190803953785728095320019209383433954867367132620998985066864938783590487159816363233743777\",\n    \"publicKeyId\":\"did:weid:1:0xeb703396b0ee912332ac8819feba7c17fa6caaed#keys-0\"\n}",
							"options": {
								"raw": {
									"language": "json"
								}
							}
						},
						"url": {
							"raw": "http://127.0.0.1:8080/credential/verifyCredential",
							"protocol": "http",
							"host": [
								"127",
								"0",
								"0",
								"1"
							],
							"port": "8080",
							"path": [
								"credential",
								"verifyCredential"
							]
						}
					},
					"response": []
				}
			]
		},
		{
			"name": "evidence",
			"item": [
				{
					"name": "创建存证",
					"protocolProfileBehavior": {
						"disabledSystemHeaders": {
							"accept-encoding": true,
							"connection": true
						}
					},
					"request": {
						"auth": {
							"type": "noauth"
						},
						"method": "POST",
						"header": [],
						"body": {
							"mode": "raw",
							"raw": "{\n    \"credentialId\":\"e552c758-9d8c-4e58-bcc7-9d4aed66c702\",\n    \"signer\":\"did:weid:1:0xeb703396b0ee912332ac8819feba7c17fa6caaed\",\n    \"privateKey\":\"110678075897666037796752638268015812698270905905456888023090789107965270510903\",\n    \"customKey\":\"test9291500\",\n    \"log\":\"test9291501\"\n}",
							"options": {
								"raw": {
									"language": "json"
								}
							}
						},
						"url": {
							"raw": "http://127.0.0.1:8080/evidence/createEvidence",
							"protocol": "http",
							"host": [
								"127",
								"0",
								"0",
								"1"
							],
							"port": "8080",
							"path": [
								"evidence",
								"createEvidence"
							]
						}
					},
					"response": []
				},
				{
					"name": "查询存证",
					"protocolProfileBehavior": {
						"disabledSystemHeaders": {
							"accept-encoding": true,
							"connection": true
						}
					},
					"request": {
						"auth": {
							"type": "noauth"
						},
						"method": "POST",
						"header": [],
						"body": {
							"mode": "raw",
							"raw": "{\n    \"evidenceHash\":\"0xc1e0ea1d4d96a0c0ff53c710fda1b809c8acb4d0c5eef17dfb8f7e7afe1cf9d0\",\n    \"customKey\":\"\"\n}",
							"options": {
								"raw": {
									"language": "json"
								}
							}
						},
						"url": {
							"raw": "http://127.0.0.1:8080/evidence/queryEvidence",
							"protocol": "http",
							"host": [
								"127",
								"0",
								"0",
								"1"
							],
							"port": "8080",
							"path": [
								"evidence",
								"queryEvidence"
							]
						}
					},
					"response": []
				},
				{
					"name": "验证存证",
					"protocolProfileBehavior": {
						"disabledSystemHeaders": {
							"accept-encoding": true,
							"connection": true
						}
					},
					"request": {
						"auth": {
							"type": "noauth"
						},
						"method": "POST",
						"header": [],
						"body": {
							"mode": "raw",
							"raw": "{\n    \"evidenceHash\":\"0xef67469aad8ae8486dfbb4415859fb99a68640c2d99777708213dfc84c5d15ed\",\n    \"did\":\"did:weid:1:0xeb703396b0ee912332ac8819feba7c17fa6caaed\"\n}",
							"options": {
								"raw": {
									"language": "json"
								}
							}
						},
						"url": {
							"raw": "http://127.0.0.1:8080/evidence/verifyEvidence",
							"protocol": "http",
							"host": [
								"127",
								"0",
								"0",
								"1"
							],
							"port": "8080",
							"path": [
								"evidence",
								"verifyEvidence"
							]
						}
					},
					"response": []
				},
				{
					"name": "添加日志",
					"protocolProfileBehavior": {
						"disabledSystemHeaders": {
							"accept-encoding": true,
							"connection": true
						}
					},
					"request": {
						"auth": {
							"type": "noauth"
						},
						"method": "POST",
						"header": [],
						"body": {
							"mode": "raw",
							"raw": "{\n    \"evidenceHash\":\"0xef67469aad8ae8486dfbb4415859fb99a68640c2d99777708213dfc84c5d15ed\",\n    \"customKey\":\"test9291500\",\n    \"privateKey\":\"110678075897666037796752638268015812698270905905456888023090789107965270510903\",\n    \"log\":\"test9291504\"\n}",
							"options": {
								"raw": {
									"language": "json"
								}
							}
						},
						"url": {
							"raw": "http://127.0.0.1:8080/evidence/addLog",
							"protocol": "http",
							"host": [
								"127",
								"0",
								"0",
								"1"
							],
							"port": "8080",
							"path": [
								"evidence",
								"addLog"
							]
						}
					},
					"response": []
				}
			]
		}
	]
}