<?xml version="1.0" encoding="UTF-8"?>
<!DOCTYPE mapper PUBLIC "-//mybatis.org//DTD Mapper 3.0//EN" "http://mybatis.org/dtd/mybatis-3-mapper.dtd">
<mapper namespace="com.timechainer.did.medical.mapper.UserMapper">
  <resultMap id="BaseResultMap" type="com.timechainer.did.medical.entity.User">
    <!--@mbg.generated-->
    <!--@Table BCOH.`user`-->
    <id column="did" jdbcType="CHAR" property="did" />
    <result column="username" jdbcType="VARCHAR" property="username" />
    <result column="password" jdbcType="VARCHAR" property="password" />
    <result column="cell_phone" jdbcType="VARCHAR" property="cellPhone" />
    <result column="real_name" jdbcType="VARCHAR" property="realName" />
    <result column="id_number" jdbcType="VARCHAR" property="idNumber" />
    <result column="role" jdbcType="OTHER" property="role" />
    <result column="create_time" jdbcType="TIMESTAMP" property="createTime" />
    <result column="sex" jdbcType="TINYINT" property="sex" />
    <result column="birth" jdbcType="TIMESTAMP" property="birth" />
    <result column="allergic_history" jdbcType="VARCHAR" property="allergicHistory" />
    <result column="department" jdbcType="VARCHAR" property="department" />
    <result column="business_number" jdbcType="VARCHAR" property="businessNumber" />
    <result column="address" jdbcType="VARCHAR" property="address" />
    <result column="block_height" jdbcType="BIGINT" property="blockHeight" />
    <result column="tx_hash" jdbcType="CHAR" property="txHash" />
    <result column="did_doc" jdbcType="VARCHAR" property="didDoc" />
    <result column="public_key" jdbcType="VARCHAR" property="publicKey" />
    <result column="private_key" jdbcType="VARCHAR" property="privateKey" />
  </resultMap>
  <sql id="Base_Column_List">
    <!--@mbg.generated-->
    did, username, `password`, cell_phone, real_name, id_number, `role`, create_time, 
    sex, birth, allergic_history, department, business_number, address, block_height, 
    tx_hash, did_doc, public_key, private_key
  </sql>
</mapper>