<?xml version="1.0" encoding="UTF-8"?>
<!DOCTYPE mapper PUBLIC "-//mybatis.org//DTD Mapper 3.0//EN" "http://mybatis.org/dtd/mybatis-3-mapper.dtd">
<mapper namespace="com.timechainer.did.medical.mapper.WebCredentialMapper">
  <resultMap id="BaseResultMap" type="com.timechainer.did.medical.entity.WebCredential">
    <!--@mbg.generated-->
    <!--@Table BCOH.web_credential-->
    <id column="credential_id" jdbcType="VARCHAR" property="credentialId" />
    <result column="cpt_id" jdbcType="INTEGER" property="cptId" />
    <result column="issuer" jdbcType="VARCHAR" property="issuer" />
    <result column="credential" jdbcType="VARCHAR" property="credential" />
    <result column="is_valid" jdbcType="BOOLEAN" property="isValid" />
    <result column="credential_hash" jdbcType="VARCHAR" property="credentialHash" />
    <result column="log" jdbcType="VARCHAR" property="log" />
    <result column="block_height" jdbcType="BIGINT" property="blockHeight" />
    <result column="tx_hash" jdbcType="CHAR" property="txHash" />
    <result column="patient_did" jdbcType="VARCHAR" property="patientDid" />
    <result column="credential_type" jdbcType="OTHER" property="credentialType" />
    <result column="department" jdbcType="VARCHAR" property="department" />
    <result column="content" jdbcType="VARCHAR" property="content" />
    <result column="is_passed" jdbcType="BOOLEAN" property="isPassed" />
    <result column="reason" jdbcType="LONGVARCHAR" property="reason" />
  </resultMap>
  <sql id="Base_Column_List">
    <!--@mbg.generated-->
    credential_id, cpt_id, issuer, credential, is_valid, credential_hash, log, block_height, 
    tx_hash, patient_did, credential_type, department, content, is_passed, reason
  </sql>

<!--  <delete id="updateValidByPrimaryKey" parameterType="java.lang.String">-->
<!--    update web_credential-->
<!--    set isValid  = #{isValid,jdbcType=BOOLEAN},-->
<!--    where id = #{id,jdbcType=VARCHAR}-->
<!--  </delete>-->

  <update id="updateIsPassedByPrimaryKey">
    update web_credential
    set is_passed  = #{is_passed,jdbcType=BOOLEAN},
    reason  = #{reason,jdbcType=LONGVARCHAR}
    where credential_hash = #{credential_hash,jdbcType=VARCHAR}
  </update>

  <select id="queryByCredentialHash" resultType="java.lang.Integer">
    update web_credential
    select credential_hash  = #{credential_hash,jdbcType=VARCHAR}
    where credential_hash = #{credential_hash,jdbcType=VARCHAR}
    </select>

  <update id="updateLogByPrimaryKey">
    update web_credential
    set log  = #{log,jdbcType=VARCHAR}
    where credential_hash = #{credential_hash,jdbcType=VARCHAR}
  </update>
</mapper>