<?xml version="1.0" encoding="UTF-8"?>
<!DOCTYPE mapper PUBLIC "-//mybatis.org//DTD Mapper 3.0//EN" "http://mybatis.org/dtd/mybatis-3-mapper.dtd">
<mapper namespace="com.timechainer.did.medical.mapper.WebCptMapper">
  <resultMap id="BaseResultMap" type="com.timechainer.did.medical.entity.WebCpt">
    <!--@mbg.generated-->
    <!--@Table BCOH.web_cpt-->
    <id column="cpt_id" jdbcType="INTEGER" property="cptId" />
    <result column="cpt_version" jdbcType="INTEGER" property="cptVersion" />
    <result column="cpt_type" jdbcType="OTHER" property="cptType" />
    <result column="publisher" jdbcType="VARCHAR" property="publisher" />
    <result column="created_at" jdbcType="DATE" property="createdAt" />
    <result column="claim" jdbcType="VARCHAR" property="claim" />
    <result column="title" jdbcType="VARCHAR" property="title" />
    <result column="des" jdbcType="VARCHAR" property="des" />
    <result column="tx_Id" jdbcType="CHAR" property="txId" />
    <result column="block_height" jdbcType="BIGINT" property="blockHeight" />
  </resultMap>
  <sql id="Base_Column_List">
    <!--@mbg.generated-->
    cpt_id, cpt_version, cpt_type, publisher, created_at, claim, title, des, tx_Id, block_height
  </sql>
</mapper>