{
	"info": {
		"_postman_id": "231f88cf-1afc-4298-8187-57ce57a2c33b",
		"name": "医链",
		"schema": "https://schema.getpostman.com/json/collection/v2.1.0/collection.json"
	},
	"item": [
		{
			"name": "user",
			"item": [
				{
					"name": "登录",
					"protocolProfileBehavior": {
						"disabledSystemHeaders": {
							"accept-encoding": true,
							"connection": true
						}
					},
					"request": {
						"auth": {
							"type": "noauth"
						},
						"method": "POST",
						"header": [],
						"body": {
							"mode": "raw",
							"raw": "{\n    \"phoneOrAccount\":\"10000000004\",\n    \"password\":\"123\"\n}",
							"options": {
								"raw": {
									"language": "json"
								}
							}
						},
						"url": {
							"raw": "http://127.0.0.1:8080/user/login",
							"protocol": "http",
							"host": [
								"127",
								"0",
								"0",
								"1"
							],
							"port": "8080",
							"path": [
								"user",
								"login"
							]
						}
					},
					"response": []
				},
				{
					"name": "注册",
					"protocolProfileBehavior": {
						"disabledSystemHeaders": {
							"accept-encoding": true,
							"connection": true
						}
					},
					"request": {
						"auth": {
							"type": "noauth"
						},
						"method": "POST",
						"header": [
							{
								"key": "",
								"value": "",
								"type": "text"
							}
						],
						"body": {
							"mode": "raw",
							"raw": "{\n    \"invitationCode\":\"zq35QJFW57zdZoAQCW76pMj\",\n    \"username\":\"abc\",\n    \"password\":\"123\",\n    \"rePassword\":\"123\",\n    \"cellPhone\":\"120\",\n    \"realName\":\"张三\",\n    \"idNumber\":\"1234123412341234\",\n    \"role\":\"EXECUTOR\",\n    \"sex\":\"1\",\n    \"birth\":\"1990-01-01\",\n    \"allergicHistory\":\"无\",\n    \"department\":\"骨科\",\n    \"businessNumber\":\"0000000001\",\n    \"address\":\"北京市昌平区回龙观\"\n}",
							"options": {
								"raw": {
									"language": "json"
								}
							}
						},
						"url": {
							"raw": "http://127.0.0.1:8080/user/register",
							"protocol": "http",
							"host": [
								"127",
								"0",
								"0",
								"1"
							],
							"port": "8080",
							"path": [
								"user",
								"register"
							]
						}
					},
					"response": []
				},
				{
					"name": "查询",
					"protocolProfileBehavior": {
						"disabledSystemHeaders": {
							"accept-encoding": true,
							"connection": true
						}
					},
					"request": {
						"auth": {
							"type": "noauth"
						},
						"method": "POST",
						"header": [
							{
								"key": "Authorization",
								"value": "{{token}}",
								"type": "text"
							}
						],
						"body": {
							"mode": "raw",
							"raw": "",
							"options": {
								"raw": {
									"language": "json"
								}
							}
						},
						"url": {
							"raw": "http://127.0.0.1:8080/user/query",
							"protocol": "http",
							"host": [
								"127",
								"0",
								"0",
								"1"
							],
							"port": "8080",
							"path": [
								"user",
								"query"
							]
						}
					},
					"response": []
				}
			]
		},
		{
			"name": "weid",
			"item": [
				{
					"name": "查询",
					"protocolProfileBehavior": {
						"disabledSystemHeaders": {
							"accept-encoding": true,
							"connection": true
						}
					},
					"request": {
						"auth": {
							"type": "noauth"
						},
						"method": "POST",
						"header": [
							{
								"key": "Authorization",
								"value": "{{token}}",
								"type": "text"
							}
						],
						"body": {
							"mode": "raw",
							"raw": "{\n    \"did\":\"did:weid:1:0x9cc75f982b0e3f107a7c791051be7a4ce2273b6e\"\n}",
							"options": {
								"raw": {
									"language": "json"
								}
							}
						},
						"url": {
							"raw": "http://127.0.0.1:8080/did/query",
							"protocol": "http",
							"host": [
								"127",
								"0",
								"0",
								"1"
							],
							"port": "8080",
							"path": [
								"did",
								"query"
							]
						}
					},
					"response": []
				},
				{
					"name": "验证",
					"protocolProfileBehavior": {
						"disabledSystemHeaders": {
							"accept-encoding": true,
							"connection": true
						}
					},
					"request": {
						"auth": {
							"type": "noauth"
						},
						"method": "POST",
						"header": [
							{
								"key": "Authorization",
								"value": "{{token}}",
								"type": "text"
							}
						],
						"body": {
							"mode": "raw",
							"raw": "{\n    \"did\": \"did:weid:1:0x9cc75f982b0e3f107a7c791051be7a4ce2273b6e\"\n}",
							"options": {
								"raw": {
									"language": "json"
								}
							}
						},
						"url": {
							"raw": "http://127.0.0.1:8080/did/isExist",
							"protocol": "http",
							"host": [
								"127",
								"0",
								"0",
								"1"
							],
							"port": "8080",
							"path": [
								"did",
								"isExist"
							]
						}
					},
					"response": []
				}
			]
		},
		{
			"name": "cpt",
			"item": [
				{
					"name": "注册",
					"protocolProfileBehavior": {
						"disabledSystemHeaders": {
							"accept-encoding": true,
							"connection": true
						}
					},
					"request": {
						"auth": {
							"type": "noauth"
						},
						"method": "POST",
						"header": [
							{
								"key": "Authorization",
								"value": "{{token}}",
								"type": "text"
							}
						],
						"body": {
							"mode": "raw",
							"raw": "{\n    \"title\":\"test\",\n    \"description\":\"test\",\n    \"cptID\":\"4000009\",\n    \"claim\":{\n        \"did\":{\"description\":\"this is did\"},\n        \"department\":{\"description\":\"this is department\"},\n        \"content\":{\"description\":\"this is content\"}\n    }\n}",
							"options": {
								"raw": {
									"language": "json"
								}
							}
						},
						"url": {
							"raw": "http://127.0.0.1:8080/cpt/register",
							"protocol": "http",
							"host": [
								"127",
								"0",
								"0",
								"1"
							],
							"port": "8080",
							"path": [
								"cpt",
								"register"
							]
						}
					},
					"response": []
				},
				{
					"name": "查询",
					"protocolProfileBehavior": {
						"disabledSystemHeaders": {
							"accept-encoding": true,
							"connection": true
						}
					},
					"request": {
						"auth": {
							"type": "noauth"
						},
						"method": "POST",
						"header": [
							{
								"key": "Authorization",
								"value": "{{token}}",
								"type": "text"
							}
						],
						"body": {
							"mode": "raw",
							"raw": "{\n    \"cptId\":4000008\n}",
							"options": {
								"raw": {
									"language": "json"
								}
							}
						},
						"url": {
							"raw": "http://127.0.0.1:8080/cpt/query",
							"protocol": "http",
							"host": [
								"127",
								"0",
								"0",
								"1"
							],
							"port": "8080",
							"path": [
								"cpt",
								"query"
							]
						}
					},
					"response": []
				}
			]
		},
		{
			"name": "credential",
			"item": [
				{
					"name": "注册凭证",
					"protocolProfileBehavior": {
						"disabledSystemHeaders": {
							"accept-encoding": true,
							"connection": true
						}
					},
					"request": {
						"auth": {
							"type": "noauth"
						},
						"method": "POST",
						"header": [
							{
								"key": "Authorization",
								"value": "{{token}}",
								"type": "text"
							}
						],
						"body": {
							"mode": "raw",
							"raw": "{\n    \"credentialType\":\"PRESCRIPTIONS\",\n    \"claimData\":{\n        \"did\":\"did:weid:1:0x4585126f5958c257d3cf868bd80e0131e6a7ca63\",\n        \"department\":\"CT室\",\n        \"content\":\"正常\"\n    }\n}\n",
							"options": {
								"raw": {
									"language": "json"
								}
							}
						},
						"url": {
							"raw": "http://127.0.0.1:8080/credential/createCredentialPojo",
							"protocol": "http",
							"host": [
								"127",
								"0",
								"0",
								"1"
							],
							"port": "8080",
							"path": [
								"credential",
								"createCredentialPojo"
							]
						}
					},
					"response": []
				},
				{
					"name": "查询凭证",
					"protocolProfileBehavior": {
						"disabledSystemHeaders": {
							"accept-encoding": true,
							"connection": true
						}
					},
					"request": {
						"auth": {
							"type": "noauth"
						},
						"method": "POST",
						"header": [
							{
								"key": "Authorization",
								"value": "{{token}}",
								"type": "text"
							}
						],
						"body": {
							"mode": "raw",
							"raw": "{\n    \"evidenceHash\":\"0xef9d054bc56457194f98af0411b23dfea7823ccf9059f4060fa82bbe4137690a\",\n    \"credentialType\":\"PRESCRIPTIONS\"\n}",
							"options": {
								"raw": {
									"language": "json"
								}
							}
						},
						"url": {
							"raw": "http://127.0.0.1:8080/credential/queryEvidence",
							"protocol": "http",
							"host": [
								"127",
								"0",
								"0",
								"1"
							],
							"port": "8080",
							"path": [
								"credential",
								"queryEvidence"
							]
						}
					},
					"response": []
				},
				{
					"name": "审核凭证",
					"protocolProfileBehavior": {
						"disabledSystemHeaders": {
							"accept-encoding": true,
							"connection": true
						}
					},
					"request": {
						"auth": {
							"type": "noauth"
						},
						"method": "POST",
						"header": [
							{
								"key": "Authorization",
								"value": "{{token}}",
								"type": "text"
							}
						],
						"body": {
							"mode": "raw",
							"raw": "{\n    \"credentialType\":\"CHECKLIST\",\n    \"evidenceHash\":\"0x89c904e6b43a91d637f9af276ceb7c59f57860fc7cf0173b627df1d7e73c0c80\",\n    \"isPass\":true,\n    \"loginfo\":\"审批通过\"\n}",
							"options": {
								"raw": {
									"language": "json"
								}
							}
						},
						"url": {
							"raw": "http://127.0.0.1:8080/credential/review",
							"protocol": "http",
							"host": [
								"127",
								"0",
								"0",
								"1"
							],
							"port": "8080",
							"path": [
								"credential",
								"review"
							]
						}
					},
					"response": []
				},
				{
					"name": "验证凭证",
					"protocolProfileBehavior": {
						"disabledSystemHeaders": {
							"accept-encoding": true,
							"connection": true
						}
					},
					"request": {
						"auth": {
							"type": "noauth"
						},
						"method": "POST",
						"header": [
							{
								"key": "Authorization",
								"value": "{{token}}",
								"type": "text"
							}
						],
						"body": {
							"mode": "raw",
							"raw": "{\n    \"evidenceHash\":\"0xe5b57f7d40a68f4b437fdd845331804d2491d1f7e76ecf38b095ff00a52d960c\"\n}",
							"options": {
								"raw": {
									"language": "json"
								}
							}
						},
						"url": {
							"raw": "http://127.0.0.1:8080/credential/verifyEvidence",
							"protocol": "http",
							"host": [
								"127",
								"0",
								"0",
								"1"
							],
							"port": "8080",
							"path": [
								"credential",
								"verifyEvidence"
							]
						}
					},
					"response": []
				}
			]
		}
	]
}