<?xml version="1.0" encoding="UTF-8"?>
<!DOCTYPE mapper PUBLIC "-//mybatis.org//DTD Mapper 3.0//EN" "http://mybatis.org/dtd/mybatis-3-mapper.dtd">
<mapper namespace="com.timechainer.weid.mapper.WebCredentialMapper">
  <resultMap id="BaseResultMap" type="com.timechainer.weid.entity.WebCredential">
    <!--@mbg.generated-->
    <!--@Table BCIM.web_credential-->
    <id column="id" jdbcType="VARCHAR" property="id" />
    <result column="issuer" jdbcType="VARCHAR" property="issuer" />
    <result column="cpt_id" jdbcType="INTEGER" property="cptId" />
    <result column="credential" jdbcType="VARCHAR" property="credential" />
    <result column="is_valid" jdbcType="BOOLEAN" property="isValid" />
  </resultMap>
  <sql id="Base_Column_List">
    <!--@mbg.generated-->
    id, issuer, cpt_id, credential, is_valid
  </sql>

  <delete id="updateValidByPrimaryKey" parameterType="java.lang.String">
    update web_credential
    set isValid  = #{isValid,jdbcType=BOOLEAN},
    where id = #{id,jdbcType=VARCHAR}
  </delete>

  <select id="query" resultMap="BaseResultMap">
    select *
    from web_credential
    where id = #{id}
  </select>
</mapper>
