<?xml version="1.0" encoding="UTF-8"?>
<!DOCTYPE mapper PUBLIC "-//mybatis.org//DTD Mapper 3.0//EN" "http://mybatis.org/dtd/mybatis-3-mapper.dtd">
<mapper namespace="com.timechainer.weid.mapper.WebEvidenceMapper">
  <resultMap id="BaseResultMap" type="com.timechainer.weid.entity.WebEvidence">
    <!--@mbg.generated-->
    <!--@Table BCIM.web_evidence-->
    <id column="evidence_hash" jdbcType="VARCHAR" property="evidenceHash" />
    <result column="credential_id" jdbcType="VARCHAR" property="credentialId" />
    <result column="customKey" jdbcType="VARCHAR" property="customKey" />
    <result column="log" jdbcType="VARCHAR" property="log" />
    <result column="tx_hash" jdbcType="CHAR" property="txHash" />
    <result column="block_height" jdbcType="BIGINT" property="blockHeight" />
  </resultMap>
  <sql id="Base_Column_List">
    <!--@mbg.generated-->
    evidence_hash, credential_id, customKey, log, tx_hash, block_height
  </sql>

  <select id="selectByCustomkey" parameterType="java.lang.String" resultMap="BaseResultMap">
    <!--@mbg.generated-->
    select
    <include refid="Base_Column_List" />
    from EvidenceModel
    where customkey = #{customkey,jdbcType=VARCHAR}
  </select>

  <update id="updateLogByPrimaryKey">
    update web_evidence
    set `evidence_hash` = #{evidence_hash},
    log = #{log}
    where evidence_hash = #{evidence_hash,jdbcType=VARCHAR}
    </update>

</mapper>