<?xml version="1.0" encoding="UTF-8"?>
<!DOCTYPE mapper PUBLIC "-//mybatis.org//DTD Mapper 3.0//EN" "http://mybatis.org/dtd/mybatis-3-mapper.dtd">
<mapper namespace="com.timechainer.weid.mapper.WeidMapper">
  <resultMap id="BaseResultMap" type="com.timechainer.weid.entity.Weid">
    <!--@mbg.generated-->
    <!--@Table BCIM.weid-->
    <id column="did" jdbcType="VARCHAR" property="did" />
    <result column="public_key" jdbcType="VARCHAR" property="publicKey" />
    <result column="private_key" jdbcType="VARCHAR" property="privateKey" />
    <result column="create_at" jdbcType="DATE" property="createAt" />
    <result column="tx_hash" jdbcType="CHAR" property="txHash" />
    <result column="block_height" jdbcType="BIGINT" property="blockHeight" />
    <result column="did_doc" jdbcType="VARCHAR" property="didDoc" />
  </resultMap>
  <sql id="Base_Column_List">
    <!--@mbg.generated-->
    did, public_key, private_key, create_at, tx_hash, block_height, did_doc
  </sql>

  <update id="updateDoc">
    update weid
    set `did_doc` = #{did_doc}
    where did = #{did}
  </update>
</mapper>
