<?xml version="1.0"?>
<!DOCTYPE suppressions PUBLIC
    "-//Checkstyle//DTD SuppressionFilter Configuration 1.2//EN"
    "https://checkstyle.org/dtds/suppressions_1_2.dtd">

<suppressions>
	<!--<suppress checks="[a-zA-Z0-9]*" files="AuthorityIssuerController.java"/>
	<suppress checks="[a-zA-Z0-9]*" files="AuthorityIssuerData.java"/>
	<suppress checks="[a-zA-Z0-9]*" files="CommitteeMemberController.java"/>
	<suppress checks="[a-zA-Z0-9]*" files="CommitteeMemberData.java"/>
	<suppress checks="[a-zA-Z0-9]*" files="CptController.java"/>
	<suppress checks="[a-zA-Z0-9]*" files="CptData.java"/>
	<suppress checks="[a-zA-Z0-9]*" files="RoleController.java"/>
	<suppress checks="[a-zA-Z0-9]*" files="WeIdContract.java"/>
	<suppress checks="MemberNameCheck" files="RsvSignature.java"/>-->

	<suppress checks="JavadocMethod" files="com.webank.weid.demo.common.model.*"/>
	<suppress checks="LineLength" files="com.webank.weid.demo.common.model.*"/>

</suppressions>
